{"val_loss": 1.3198634386062622, "val_accuracy": 0.656456470489502, "loss": 0.46962381227742084, "accuracy": 